POS,REF,ALT,q,Frequency among q,p,Frequency among p
42043009,G,A,A,1.0,G,1.0
42043105,C,T,T,1.0,C,1.0
42043121,A,T,T,1.0,A,1.0
42043224,C,A,A,1.0,C,1.0
42043242,G,A,A,1.0,G,0.99
42043246,A,G,G,1.0,A,1.0
42043320,T,A,A,1.0,T,1.0
42073570,T,C,C,1.0,T,1.0
42079118,A,C,C,1.0,A,1.0
42086837,A,C,C,1.0,A,1.0
42086853,T,A,A,1.0,T,1.0
42086885,G,C,C,1.0,G,1.0
42086892,T,G,G,1.0,T,1.0
42086895,A,G,G,1.0,A,1.0
42086903,G,A,A,1.0,G,1.0
42086948,A,G,G,1.0,A,1.0
42094878,T,C,C,1.0,T,0.99
42094884,T,A,A,1.0,T,0.99
42266033,C,A,A,1.0,C,1.0
42266040,C,T,T,1.0,C,1.0
42302551,C,T,T,1.0,C,0.99
42302552,A,T,T,1.0,A,0.99
42302555,A,T,T,1.0,A,0.99
42302664,T,C,C,1.0,T,1.0
42302732,T,C,C,1.0,T,1.0
42304728,A,G,G,1.0,A,1.0
42309647,A,C,C,1.0,A,0.98
42326895,T,A,A,1.0,T,1.0
42327147,T,C,C,1.0,T,0.99
42327155,T,C,C,1.0,T,1.0
42328593,A,G,G,1.0,A,1.0
42332299,C,A,A,1.0,C,1.0
42332378,A,G,G,1.0,A,0.99
42332453,G,A,A,1.0,G,1.0
42335544,T,A,A,1.0,T,0.98
42337218,A,G,G,1.0,A,1.0
42337372,A,G,G,1.0,A,1.0
42337374,A,G,G,1.0,A,1.0
42337386,C,T,T,1.0,C,1.0
