"chrom","window","MDS1","MDS2"
"NW_022145594.1",1,-0.012342186078831,-0.000864759799897602
"NW_022145594.1",2,0.0107460443777349,0.0222822782727509
"NW_022145594.1",3,0.0101378064398698,-0.00554611214956348
"NW_022145594.1",4,-0.0114235391863863,-0.00471689001052811
"NW_022145594.1",5,0.00645389693614614,-0.0127521034682897
"NW_022145594.1",6,-0.0188646907834856,-0.0077694702011567
"NW_022145594.1",7,-0.0303737260595183,0.0284234625867171
"NW_022145594.1",8,0.00562078389639275,0.0134718642382413
"NW_022145594.1",9,-0.00788449261523499,-0.00309226031491287
"NW_022145594.1",10,0.00736072731085824,-0.0041074339897514
"NW_022145594.1",11,-0.0068891046476398,-0.0204845955709423
"NW_022145594.1",12,0.0135053613483019,0.00192286597368194
"NW_022145594.1",13,0.0106551237133258,-0.0152025470973338
"NW_022145594.1",14,0.0145913736077317,0.00888615999606789
"NW_022145594.1",15,0.0156476872687409,0.0130625356094948
"NW_022145594.1",16,0.0123046652644272,-0.009640348742166
"NW_022145594.1",17,-0.0160825767366792,-0.00678188339065077
"NW_022145594.1",18,0.0113447284865495,0.00628859864361641
"NW_022145594.1",19,0.00632045865505578,-0.0148716457014622
"NW_022145594.1",20,-0.00823034087535514,0.0065709588745313
"NW_022145594.1",21,-3.0316218799106e-05,0.00300376575554739
"NW_022145594.1",22,0.00666893448524277,-0.00679801853560821
"NW_022145594.1",23,0.00782617797776153,-0.00142335487607069
"NW_022145594.1",24,0.00926509504014093,-0.0041868775102377
"NW_022145594.1",25,-0.010599308830674,0.00284054693715203
"NW_022145594.1",26,0.00984378628202151,0.0219932604476401
"NW_022145594.1",27,-0.00285206719518118,-0.0107750095695069
"NW_022145594.1",28,-0.0104139719337153,-0.0181816758793233
"NW_022145594.1",29,-0.00114545471938397,-0.00476435636266103
"NW_022145594.1",30,0.00534749833342048,0.00772599207985013
"NW_022145594.1",31,-0.207565723476062,-0.004025807569828
"NW_022145594.1",32,-0.689951534550711,0.0107194894575288
"NW_022145594.1",33,-0.837294981065278,0.00758404076012577
"NW_022145594.1",34,-0.852339389644695,0.00499103411660711
"NW_022145594.1",35,0.0109723233288594,-0.0138342810547054
"NW_022145594.1",36,0.0172234648053174,-0.00380762329182587
"NW_022145594.1",37,-0.0250387636860432,-0.0170482427396401
"NW_022145594.1",38,0.00991609069329535,-0.0154702801198003
"NW_022145594.1",39,0.00156443285008572,-0.00163901693664614
"NW_022145594.1",40,0.00281905229825442,0.000779488991272769
"NW_022145595.1",1,-0.0377988185857999,-0.0161048203227797
"NW_022145595.1",2,-0.00644504112641823,-0.0183818490050477
"NW_022145595.1",3,-0.00308164805371485,-0.00677941800330309
"NW_022145595.1",4,0.00664201488907476,0.0170021952861153
"NW_022145595.1",5,-0.00965443448819143,-0.00572426846410162
"NW_022145595.1",6,0.00874586680330435,-0.00742235448278854
"NW_022145595.1",7,0.00773426661500728,-0.0195782555747089
"NW_022145595.1",8,0.0123630714282312,-0.00843098551350116
"NW_022145595.1",9,-0.0247963852322452,-0.00369847497953106
"NW_022145595.1",10,0.00318053921428822,-0.00840142187445233
"NW_022145595.1",11,-0.0358608834921001,-0.0141453871999331
"NW_022145595.1",12,0.00124374584716253,-0.00295220445527993
"NW_022145595.1",13,0.0118278463333349,-0.0160153991847709
"NW_022145595.1",14,0.00943397625687136,-0.0169286632313373
"NW_022145595.1",15,0.00639890418710766,-0.0026829865698949
"NW_022145595.1",16,0.0150741690001988,0.032598024814653
"NW_022145595.1",17,0.00464012925098396,-0.0077755079466478
"NW_022145595.1",18,0.000476956433847633,0.0136896878635327
"NW_022145595.1",19,-0.0300773652665642,-0.0154270588574215
"NW_022145595.1",20,0.00617364805793878,0.000442267445463608
"NW_022145595.1",21,0.0035296700083636,0.0011076985040004
"NW_022145595.1",22,0.0118678041248555,0.00214581346051148
"NW_022145595.1",23,0.00971408131433971,-0.00809467529737103
"NW_022145595.1",24,-0.00814222575300138,-0.00181641234942826
"NW_022145595.1",25,-0.00180702210728601,-0.00277737225186378
"NW_022145595.1",26,-0.0352794402260759,-0.00295092845509455
"NW_022145595.1",27,0.0088942601960814,0.00415883673605827
"NW_022145595.1",28,0.000661684230867873,-0.0127510358162343
"NW_022145595.1",29,-0.0115611909032828,-0.000694171291775601
"NW_022145595.1",30,0.0139758230375233,0.0272637207503667
"NW_022145595.1",31,0.00174075134777256,-0.00740826914208303
"NW_022145595.1",32,0.0118542948150254,-0.00728974395906568
"NW_022145595.1",33,0.00305878692652336,-0.000987596595445213
"NW_022145595.1",34,0.00803374512145032,-0.00351410468782095
"NW_022145595.1",35,-0.0046148148716284,0.0138305792331266
"NW_022145595.1",36,0.00293388331030476,0.0151135884920964
"NW_022145595.1",37,-0.00400442305597068,0.0346427250585981
"NW_022145595.1",38,0.0107765593766385,-0.00351987008605582
"NW_022145595.1",39,0.00685545664795683,-0.0124376777388376
"NW_022145595.1",40,0.00345428826686238,-0.00554361978708098
"NW_022145596.1",1,0.010713704822518,-0.00524702158297614
"NW_022145596.1",2,0.00721547826427467,-0.0127042279576048
"NW_022145596.1",3,0.0105629549854731,-0.0108820884800712
"NW_022145596.1",4,0.00506944783558801,-0.013004994182156
"NW_022145596.1",5,0.011691058413821,-0.0140561077929257
"NW_022145596.1",6,-0.0067638822793914,0.0347746817260952
"NW_022145596.1",7,0.00353073940107847,-0.00566241099392529
"NW_022145596.1",8,0.0109774976469921,0.0248850028002556
"NW_022145596.1",9,0.0121875705824474,-0.00360588892112507
"NW_022145596.1",10,0.0137684389873758,0.0341266027681192
"NW_022145596.1",11,0.00813525384082743,0.0575092704169062
"NW_022145596.1",12,0.00907170395188848,0.0229192738423841
"NW_022145596.1",13,0.00637701003155626,-0.00651412994335496
"NW_022145596.1",14,0.00576327137179252,0.0362150391194939
"NW_022145596.1",15,0.0113658831687476,-0.00755911344219459
"NW_022145596.1",16,0.0113953468549858,-0.0132451015279206
"NW_022145596.1",17,-0.00508028034638711,0.00109961515089004
"NW_022145596.1",18,-0.0101918691577299,-0.00216583632740005
"NW_022145596.1",19,0.00828228923328636,-0.0139607161605583
"NW_022145596.1",20,0.00884396937275452,-0.0235050100900825
"NW_022145596.1",21,0.00259842662629336,-0.000100395008467263
"NW_022145596.1",22,0.0107939031451111,0.0127337827662796
"NW_022145596.1",23,0.0113121841830313,-0.00442360290296385
"NW_022145596.1",24,0.00932137044730934,-0.00935407945332857
"NW_022145596.1",25,0.0110147183185836,-0.00976573691527237
"NW_022145596.1",26,0.00531186578464555,-0.0147867555151973
"NW_022145596.1",27,0.0119807136745539,-0.0127972009914335
"NW_022145596.1",28,-0.0108658942001234,-0.0172269907408279
"NW_022145596.1",29,0.00556564951338941,-0.0152679007915469
"NW_022145596.1",30,-0.00773435746461053,-0.0169045329490664
"NW_022145596.1",31,0.00562940029771814,-0.00359940479497118
"NW_022145596.1",32,0.011438400761631,0.00854083313707049
"NW_022145596.1",33,0.0101077085307867,0.00376466878741539
"NW_022145596.1",34,0.00853029562574546,0.00376692473351557
"NW_022145596.1",35,-0.0336949137540698,-0.00727840170534328
"NW_022145596.1",36,0.00548666597188877,-0.0138643549599387
"NW_022145596.1",37,-0.0154085630026122,0.0634978021958999
"NW_022145596.1",38,0.00675324336670961,0.0679665567666052
"NW_022145596.1",39,0.0101590910723264,-0.0123687109646715
"NW_022145596.1",40,-0.00683408549858346,-0.00489930571737868
"NW_022145596.1",41,0.0115815665116736,-0.0130026735853675
"NW_022145596.1",42,0.00222003641049722,-0.0155362782042981
"NW_022145596.1",43,0.0110078197946808,0.00175243051976462
"NW_022145596.1",44,0.00396528430156719,-0.0141683765540934
"NW_022145596.1",45,0.00281083168307966,-0.014274162643713
"NW_022145596.1",46,0.00361706205260105,0.00993869443591035
"NW_022145596.1",47,0.0104235498020027,0.0280211309217294
"NW_022145596.1",48,0.00859359090823582,-0.00738624022011858
"NW_022145596.1",49,0.00870454936693794,-0.0133455270732205
"NW_022145596.1",50,0.0140697244666144,-0.00792796504705313
"NW_022145597.1",1,0.0117606178141037,0.00119687411098144
"NW_022145597.1",2,0.0121487847997128,-0.0146057905798657
"NW_022145597.1",3,-7.05652334321116e-05,0.00738186658362141
"NW_022145597.1",4,0.00653302133134334,-0.0216642150318083
"NW_022145597.1",5,0.00905320979157605,0.00534866893984259
"NW_022145597.1",6,0.00250764675589269,0.00956777382506063
"NW_022145597.1",7,0.00527385619338161,-0.00115122576395791
"NW_022145597.1",8,-0.00478656869431427,0.000638889866421576
"NW_022145597.1",9,0.00345746105873633,-0.0113800619513006
"NW_022145597.1",10,0.00652763820130756,-0.00152301831833212
"NW_022145597.1",11,0.00958833330179687,-0.0203665925733138
"NW_022145597.1",12,-0.0181289206852383,-0.00841337876375783
"NW_022145597.1",13,0.0103343815756032,0.0220509675102711
"NW_022145597.1",14,0.00654264568389444,-0.00845196165411297
"NW_022145597.1",15,0.00345731358237572,-0.0125127483421947
"NW_022145597.1",16,0.0124499670482605,-0.00912989293672742
"NW_022145597.1",17,-0.0134606785473952,-6.46946653165103e-06
"NW_022145597.1",18,-0.00422171686173425,-0.00793929224508736
"NW_022145597.1",19,0.000254087887363944,0.00598852953033608
"NW_022145597.1",20,0.010027338447183,0.0224508549891952
"NW_022145597.1",21,-0.0313166469355279,-0.00245645289153497
"NW_022145597.1",22,0.00155688308402868,-0.010471814201457
"NW_022145597.1",23,-0.0184703554371194,-0.00363939729738075
"NW_022145597.1",24,0.0121924397634517,-0.0117109693199898
"NW_022145597.1",25,0.0150756263293397,0.0715584596599265
"NW_022145597.1",26,0.0136349354187713,-0.00473306670785445
"NW_022145597.1",27,0.00195370781740459,-0.00463624060359059
"NW_022145597.1",28,-0.0132774489311491,-0.0174189233364273
"NW_022145597.1",29,0.00201399101050253,0.000879317605772268
"NW_022145597.1",30,0.0070652248266852,-0.0153204209758361
"NW_022145597.1",31,0.00894751598044172,0.0393769484877368
"NW_022145597.1",32,0.00536468759208626,0.00808626390401133
"NW_022145597.1",33,0.005524242635918,-0.00951195835000804
"NW_022145597.1",34,-0.0125522905249515,-0.0183867744787447
"NW_022145597.1",35,-0.00331280379569848,0.00271783375147393
"NW_022145597.1",36,-0.000959242344206127,-0.00890268518754769
"NW_022145597.1",37,0.00205925590791859,-0.0111060312224117
"NW_022145597.1",38,0.00942122057629061,-0.0132575892284121
"NW_022145597.1",39,-0.00480829626848342,-0.00624113292593681
"NW_022145597.1",40,0.00681587778071866,0.0172353513248903
"NW_022145597.1",41,-0.000999764654624146,-0.0127834642867532
"NW_022145598.1",1,-0.00830264389057017,-0.00858446048208495
"NW_022145598.1",2,-0.00503035091056908,0.00621493786660818
"NW_022145598.1",3,0.0113774227511935,0.00710363652781094
"NW_022145598.1",4,0.00821238832396819,-0.00950287191134346
"NW_022145598.1",5,0.0106603670734467,-0.0158095742952384
"NW_022145598.1",6,-0.00400218813547841,-0.0060388627139698
"NW_022145598.1",7,-0.0276817614062133,-0.0116583084443023
"NW_022145598.1",8,0.00579888357907949,0.00188126355809182
"NW_022145598.1",9,-0.00656527720939206,-0.00969867382367126
"NW_022145598.1",10,0.0119916465022587,0.0102492989372371
"NW_022145598.1",11,0.0051298319282543,-0.0084188571134887
"NW_022145598.1",12,-0.0148028722567638,0.0039126556418328
"NW_022145598.1",13,0.0088641568900068,-0.00713999127457084
"NW_022145598.1",14,0.00379394557463544,-0.0148650153545437
"NW_022145598.1",15,0.00904625427847607,0.00342509413409523
"NW_022145598.1",16,0.0125380046249513,0.00518175445366307
"NW_022145598.1",17,-0.000573043786920861,-0.00620300118307075
"NW_022145598.1",18,0.0120516333467428,-0.0041436031821479
"NW_022145598.1",19,0.00733857431405136,0.037661006334838
"NW_022145598.1",20,0.000194348646511188,-0.00986586464371996
"NW_022145598.1",21,-0.00125730502507379,0.02204602361607
"NW_022145598.1",22,0.00765657315935003,-0.00701802953880915
"NW_022145598.1",23,0.00163170314674657,-0.00106453822219525
"NW_022145598.1",24,-0.000734320692600434,-0.00877721921287746
"NW_022145598.1",25,0.00414737093355477,-0.0211828784887847
"NW_022145598.1",26,0.00924170119247334,-0.0101977741173071
"NW_022145598.1",27,0.006691862597494,0.00977413625891827
"NW_022145598.1",28,0.00780965423274495,-0.0120457852050887
"NW_022145598.1",29,-0.00937566022460196,-0.00136325125908633
"NW_022145598.1",30,0.00148773514201023,-0.0129138531295099
"NW_022145598.1",31,0.00724848515216651,0.00795353144095473
"NW_022145598.1",32,-0.00321794703153698,0.00435669635697517
"NW_022145598.1",33,0.00529713383010578,-0.007164272589633
"NW_022145598.1",34,0.0129950406319666,-0.0185068093174048
"NW_022145598.1",35,0.0133117189841474,0.0421345873654712
"NW_022145598.1",36,0.0112180959478215,-0.00359643220207335
"NW_022145598.1",37,0.0138228131674221,0.0271170878817245
"NW_022145598.1",38,0.0118286019284585,-0.00442040799334979
"NW_022145598.1",39,0.0103442211616406,-0.00751237935237439
"NW_022145598.1",40,0.0123202702904309,-0.0198687003266164
"NW_022145598.1",41,-0.00381675890117506,-0.0194635090447743
"NW_022145598.1",42,0.00848398908741458,0.014522389310135
"NW_022145598.1",43,0.000388724785564551,-0.00145073877621873
"NW_022145598.1",44,0.00726270649901633,-0.0157394062179552
"NW_022145599.1",1,0.0110711392242646,0.0367895294949919
"NW_022145599.1",2,0.0123414943382627,-0.0104146799272537
"NW_022145599.1",3,0.00702004132163025,-0.0167097892522523
"NW_022145599.1",4,-0.0114071976978801,-0.00820412017888653
"NW_022145599.1",5,-0.0013938517304442,0.00218981803270039
"NW_022145599.1",6,0.0139780117626958,-0.0156785626493077
"NW_022145599.1",7,0.0089209148627368,-0.010715637916103
"NW_022145599.1",8,0.00614475899864988,-0.0166164242943254
"NW_022145599.1",9,0.0132206486161413,0.00445839620182482
"NW_022145599.1",10,0.00794276335961917,-0.0163399835939001
"NW_022145599.1",11,0.00827498910591749,-0.00100187164171487
"NW_022145599.1",12,0.0100408973927767,-0.00625568071070896
"NW_022145599.1",13,-0.0076999442190876,-0.0156960034122121
"NW_022145599.1",14,0.00913403321498111,-0.00724326579822141
"NW_022145599.1",15,0.00461581955273484,-0.018778569405435
"NW_022145599.1",16,0.00191892528321986,0.00782433547525517
"NW_022145599.1",17,0.00758849482828523,-0.00104053857909907
"NW_022145599.1",18,0.00294667850183103,-0.00425000854266769
"NW_022145599.1",19,-0.0296467439710947,-0.0168567836552137
"NW_022145599.1",20,-0.0085759805742506,-0.0220609461395132
"NW_022145599.1",21,0.0106488337506667,0.0140859659685459
"NW_022145599.1",22,0.00349797212429858,-0.010088131398939
"NW_022145599.1",23,-0.00275254919313536,0.00566370824388977
"NW_022145599.1",24,-0.0095605903154823,-0.0142268407134412
"NW_022145599.1",25,0.0117453308611742,-0.00263751574385346
"NW_022145599.1",26,-0.00324609122433018,-0.0135618333077792
"NW_022145599.1",27,0.0125181057308351,-0.0186376026820707
"NW_022145599.1",28,0.00891657981547008,-0.00502031464334806
"NW_022145599.1",29,0.0102756257528431,0.00471410900578386
"NW_022145599.1",30,0.00360927743460925,0.0316906971439866
"NW_022145599.1",31,-0.014105149593276,0.0184616965573723
"NW_022145599.1",32,0.00382448477286334,-0.00699142895663757
"NW_022145599.1",33,0.0132845844909981,0.00598827660318166
"NW_022145599.1",34,0.00689118266255737,-0.0153469563309966
"NW_022145599.1",35,0.00872673200851321,-0.00723342511043459
"NW_022145599.1",36,-0.0133247285675323,0.0312264897556585
"NW_022145599.1",37,0.00389807667339155,-0.000266614304694564
"NW_022145599.1",38,0.00394738418903707,0.00958849466913813
"NW_022145599.1",39,0.00882761001809888,0.0113910254468333
"NW_022145599.1",40,0.00016123180395034,0.0361317136480831
"NW_022145599.1",41,0.00618230767349951,-0.00649182700956327
"NW_022145599.1",42,0.00363437433155583,0.000960692021858791
"NW_022145599.1",43,-0.00429835294074993,-0.00107500783446289
"NW_022145599.1",44,-0.00313493275816896,-0.00961627801756522
"NW_022145599.1",45,0.0029300067197802,-0.00915285033767197
"NW_022145599.1",46,0.0017143901166506,0.0252760665124954
"NW_022145599.1",47,0.00730886668871725,-0.0176300905238299
"NW_022145599.1",48,-0.000650696168245352,-0.0127154954655815
"NW_022145599.1",49,-0.00212175038850992,0.00411200533552958
"NW_022145599.1",50,0.0112782298846348,-0.00400297664188446
"NW_022145600.1",1,-0.0115150322728148,-0.00899770768297201
"NW_022145600.1",2,0.012468254183641,0.0117094656484186
"NW_022145600.1",3,0.00540092312423944,-0.00124981737163044
"NW_022145600.1",4,0.00907405067684287,-0.00163017726992379
"NW_022145600.1",5,-0.0145213580951342,-0.0126069853516712
"NW_022145600.1",6,0.00713012596046411,0.000492055691394587
"NW_022145600.1",7,-0.01498400349831,-0.00314956560191674
"NW_022145600.1",8,0.0121235808847246,-0.000621966581057665
"NW_022145600.1",9,0.00981046110143056,-0.00251645929453116
"NW_022145600.1",10,-0.00900567023279087,-0.00614976532519599
"NW_022145600.1",11,0.00891082071868837,0.0160331135780851
"NW_022145600.1",12,0.00975822333375661,0.0153321136747043
"NW_022145600.1",13,0.00474336052242835,-0.011786791897353
"NW_022145600.1",14,0.0104311418273713,-0.0190292282722229
"NW_022145600.1",15,-0.000215441685164908,0.000169674693154039
"NW_022145600.1",16,0.0103202063242523,-0.00156087399847503
"NW_022145600.1",17,0.00619035518191867,-0.0103233907586278
"NW_022145600.1",18,0.00655474729994214,-0.0073966138702851
"NW_022145600.1",19,0.00396846583082247,0.0239638778123574
"NW_022145600.1",20,0.0123140136079633,0.00377063351871557
"NW_022145600.1",21,0.0129273836799348,-0.00792877582184462
"NW_022145600.1",22,0.00551946992679408,0.0347587884424928
"NW_022145600.1",23,0.0140108403827921,-0.00708667957700536
"NW_022145600.1",24,-0.032290689402786,-0.0087550781164153
"NW_022145600.1",25,-0.00168163470406211,-0.0191288764241823
"NW_022145600.1",26,0.0100745525571919,0.0317379159380185
"NW_022145600.1",27,-0.0165052837577301,-0.0034252914428126
"NW_022145600.1",28,0.000424765395524936,0.0188460271915484
"NW_022145600.1",29,0.00696404340587353,0.0170717801615195
"NW_022145600.1",30,0.00665189246070797,-0.0183808179679093
"NW_022145600.1",31,0.00663101004990176,0.00535908346713441
"NW_022145600.1",32,0.00823189773543782,-0.00477834493520783
"NW_022145600.1",33,-0.0223774131888966,-0.0130669221481926
"NW_022145600.1",34,0.0117041471475345,0.0169113308665483
"NW_022145600.1",35,0.010261534937788,-0.00102586703605117
"NW_022145600.1",36,0.00220434857652966,0.00910044227072193
"NW_022145600.1",37,0.00711178438690291,-0.019402814611161
"NW_022145600.1",38,0.00248633024604384,-0.00101451793276193
"NW_022145600.1",39,0.0100144245979415,0.00789639677051414
"NW_022145600.1",40,0.011197041142365,-0.0116738521167655
"NW_022145600.1",41,-0.00144102179157068,0.0126622883189352
"NW_022145600.1",42,0.00369593737198057,0.0216470261833407
"NW_022145600.1",43,0.00583964045264817,0.682722544301544
"NW_022145600.1",44,0.00884110428084703,0.702379608258378
"NW_022145600.1",45,0.00432593419449743,-0.00718257900101622
"NW_022145600.1",46,-0.0338591003681347,-0.0126692272466327
"NW_022145600.1",47,0.0025117112249447,-0.0037662735744994
"NW_022145600.1",48,0.000206230159805553,-0.00631566884531631
"NW_022145601.1",1,-0.00528535209418306,-0.00101672375065435
"NW_022145601.1",2,0.0126651278551708,0.0163393389488252
"NW_022145601.1",3,0.0050182695037542,-0.0188449001236156
"NW_022145601.1",4,0.00496850263254854,0.00844821529869654
"NW_022145601.1",5,-0.00789038599911548,0.00286936936087367
"NW_022145601.1",6,0.00971139587952103,-0.0038041262480305
"NW_022145601.1",7,-0.0017705920998853,-0.00530899143166866
"NW_022145601.1",8,1.90215286254786e-05,-0.0194127504583257
"NW_022145601.1",9,0.0127299651769276,-0.00248826513320699
"NW_022145601.1",10,-0.00689493417668492,-0.00867879367076015
"NW_022145601.1",11,0.00686304333721577,-0.0112269748042214
"NW_022145601.1",12,-0.00511191015529435,-0.0083459225692615
"NW_022145601.1",13,-0.0215620049097596,-0.0134114495826726
"NW_022145601.1",14,0.0155519640562445,0.0241125028965929
"NW_022145601.1",15,-0.0245849278217566,0.0409576817464067
"NW_022145601.1",16,0.00371663125582524,0.0155053353143724
"NW_022145601.1",17,0.00645338359107297,0.0159693067888163
"NW_022145601.1",18,0.00089779434695698,-0.0157601364510915
"NW_022145601.1",19,0.00906981878805996,-0.0155039416743685
"NW_022145601.1",20,0.00122844381106686,-0.00288853894264727
"NW_022145601.1",21,-0.0207517553833198,-0.0113845163798675
"NW_022145601.1",22,0.00490726323905521,0.0264483338606416
"NW_022145601.1",23,-0.0177568665990822,0.0070484819053172
"NW_022145601.1",24,0.0135829989064522,0.0134345736021036
"NW_022145601.1",25,0.0123690282333045,-0.0138521433166088
"NW_022145601.1",26,0.00927024887546847,-0.0123523770477722
"NW_022145601.1",27,-0.0076504548983305,-0.0196072718582681
"NW_022145601.1",28,-0.00221108339473935,0.0029889830979765
"NW_022145601.1",29,0.0100674897438279,-0.00616519275812637
"NW_022145601.1",30,0.0138170732014704,-0.0142191463086033
"NW_022145601.1",31,0.00438526530967328,-0.0127238456357348
"NW_022145601.1",32,0.00135978242023762,-0.0026135430386853
"NW_022145601.1",33,-0.00772734056795663,-0.0154860650334024
"NW_022145601.1",34,0.00260168609892897,-0.00843217842302854
"NW_022145601.1",35,-0.0781353077551286,-0.011024433726245
"NW_022145601.1",36,-0.0193901828905851,-0.020162733252356
"NW_022145601.1",37,0.0141987459165953,0.00706568129774064
"NW_022145601.1",38,0.00421525045893843,-0.0020872442978788
"NW_022145601.1",39,0.00091701895470167,0.0172866634514055
"NW_022145601.1",40,0.00885127375952934,0.00323861308925916
"NW_022145601.1",41,0.00599642071630274,0.00174685850636251
"NW_022145602.1",1,-0.0161202059034448,0.0152489117659286
"NW_022145602.1",2,0.00478748042292014,-0.0109159907088386
"NW_022145602.1",3,0.00415363369666967,-0.0156930516114881
"NW_022145602.1",4,0.00645286228625694,-0.00801698902754937
"NW_022145602.1",5,0.007685688042502,-0.0156527919046407
"NW_022145602.1",6,0.00910912201166627,-0.000899318929203665
"NW_022145602.1",7,0.0095218194239728,-0.0108887544887235
"NW_022145602.1",8,0.0021697750599911,-0.00775074999939628
"NW_022145602.1",9,0.00845121239870936,0.00426323584783214
"NW_022145602.1",10,0.00538648172760282,-0.00239772516821298
"NW_022145602.1",11,0.00165296052611357,0.0142186236163816
"NW_022145602.1",12,0.00464714383960064,-0.00949092982302442
"NW_022145602.1",13,0.00551475129647952,-0.00869516115757982
"NW_022145602.1",14,0.00547990831179263,0.0106233514022225
"NW_022145602.1",15,0.00418325612271647,-0.00746600471696067
"NW_022145602.1",16,-0.00819667798237516,-0.0145520206533141
"NW_022145602.1",17,-0.00298817933500317,-0.00174680484091439
"NW_022145602.1",18,0.00810016487488842,-0.00673455203602921
"NW_022145602.1",19,0.00925193324367686,0.0194345749802723
"NW_022145602.1",20,0.00771469655846873,-0.0192646506418593
"NW_022145602.1",21,0.00542334256131906,-0.00798620337242311
"NW_022145602.1",22,0.0112231858493229,-0.00617379431426421
"NW_022145602.1",23,0.00252488484976138,-0.00712565843455925
"NW_022145602.1",24,0.00111426342703776,-0.0191891331562248
"NW_022145602.1",25,0.00564793247193428,-0.0125066567714407
"NW_022145602.1",26,0.00720950760194214,-0.0210828409984637
"NW_022145602.1",27,0.0092226618879176,-0.00544234848186722
"NW_022145603.1",1,0.0100469280757634,0.00056760357297396
"NW_022145603.1",2,-0.000720615908173961,-0.0101195577578267
"NW_022145603.1",3,0.0104816725044107,0.000879051061289961
"NW_022145603.1",4,0.00320619227596477,-0.000388912318247768
"NW_022145603.1",5,0.00515668723512811,-0.0156088713748475
"NW_022145603.1",6,-0.000368895652001588,0.0087845660612109
"NW_022145603.1",7,0.00612478042247072,-0.0104154494487019
"NW_022145603.1",8,0.0122816621365611,-0.0159557996998977
"NW_022145603.1",9,-0.012398478068928,0.0157179502805092
"NW_022145603.1",10,0.00183665209890601,-0.00384119203109389
"NW_022145603.1",11,-0.00736665712270901,-0.0120170112791079
"NW_022145603.1",12,-0.00995802026430926,-0.00259582523882082
"NW_022145603.1",13,0.000500460532295475,-0.011498310460364
"NW_022145603.1",14,0.00786830389072538,-0.00062494511134796
"NW_022145603.1",15,0.0109146378612557,-0.00852313717565373
"NW_022145603.1",16,0.00758544430200889,-0.00575778502346548
"NW_022145603.1",17,-0.0210857284731121,-0.0132429484694266
"NW_022145603.1",18,0.0041256265657716,-0.0142605638731449
"NW_022145603.1",19,0.00220625574350939,-0.00496715577218084
"NW_022145603.1",20,0.00848556302419497,0.0259551201168927
"NW_022145603.1",21,0.00802465708691594,0.00182875330002404
"NW_022145603.1",22,0.0101698356834541,-0.00562433044727365
"NW_022145603.1",23,-0.0100355878272594,-0.00224331941581624
"NW_022145603.1",24,0.00755257808426632,0.0130615044697016
"NW_022145603.1",25,-0.00769040836210217,0.00316400621374211
"NW_022145603.1",26,0.00833979485046463,0.0179743280740853
"NW_022145603.1",27,0.0125737639498867,-0.00584319234113245
"NW_022145603.1",28,-0.00397394964521983,-0.000242023101292474
"NW_022145603.1",29,0.00510054907692581,-0.00175539367517829
"NW_022145603.1",30,0.0018134839314988,0.0112212407318091
"NW_022145603.1",31,0.00778807538192206,-0.0159010265734041
"NW_022145603.1",32,0.0128365382569453,0.0265151924668057
"NW_022145604.1",1,0.0134862798780752,-0.0158412219732642
"NW_022145604.1",2,-0.000418848980574598,-0.0071385243803471
"NW_022145604.1",3,-0.00760476609063805,-0.0163711847414657
"NW_022145604.1",4,0.00794311523271236,-0.00522121566805462
"NW_022145604.1",5,0.0069870454423461,-0.0120103779655152
"NW_022145604.1",6,0.0028704754903115,0.00384742739487798
"NW_022145604.1",7,0.00495340759404815,0.00328504158153878
"NW_022145604.1",8,0.00269472883016914,0.00276107904894241
"NW_022145604.1",9,0.00893900885127139,-0.00544611183986368
"NW_022145604.1",10,0.0101330847424003,-0.00701046947479567
"NW_022145604.1",11,0.00249475744526782,-0.00679883113915807
"NW_022145604.1",12,0.00789814876200532,-0.00342662251037974
"NW_022145604.1",13,0.00805007252944596,-0.00988855439571689
"NW_022145604.1",14,0.00339825264644016,-0.0227610572958241
"NW_022145604.1",15,0.00715129210953871,-0.0203309660388583
"NW_022145604.1",16,-0.00316834325226957,-0.00544139969264833
"NW_022145604.1",17,0.00151720780655506,-0.0191709673386202
"NW_022145604.1",18,0.00525201563581064,-0.0138504641072678
"NW_022145604.1",19,0.00672511925543927,0.0303322276097636
"NW_022145604.1",20,0.000617516956534961,0.0110101909549024
"NW_022145604.1",21,-0.00262711518243528,-0.017263032796482
"NW_022145604.1",22,-0.00301015424090621,-0.00112832261543667
"NW_022145604.1",23,0.00701789377344826,0.0161532335807547
"NW_022145604.1",24,0.00307334281038713,-0.00387700709553372
"NW_022145604.1",25,-0.00512835380802788,0.0113094140559152
"NW_022145604.1",26,0.00752560913735465,0.0238333909558502
"NW_022145604.1",27,0.00862488121912421,0.033076230883874
"NW_022145604.1",28,0.00753610262580457,-0.0124541488534248
"NW_022145604.1",29,-0.00813299606281778,-0.0125756915841007
"NW_022145604.1",30,0.0073232412737298,0.000445268425665327
"NW_022145604.1",31,-0.00386217142682208,-0.0145273281763213
"NW_022145604.1",32,-0.000355085692040734,0.0132163553309209
"NW_022145604.1",33,0.00913854260351165,0.00547944658205674
"NW_022145604.1",34,0.00766094717750042,-0.0135759134868952
"NW_022145605.1",1,0.00633088992615968,-0.0118005578847298
"NW_022145605.1",2,0.00115070086539814,-0.00200240040570709
"NW_022145605.1",3,0.00256724723185999,-0.00589925327285026
"NW_022145605.1",4,0.0114313466929445,-0.00515204881057452
"NW_022145605.1",5,0.0070062398420441,-0.012390812673637
"NW_022145605.1",6,0.00738980170042186,0.00344209145304637
"NW_022145605.1",7,-0.00530444301855162,-0.0032038971298695
"NW_022145605.1",8,0.0134309774956659,0.0175660588142662
"NW_022145605.1",9,0.00719749973675541,-0.0210589027818152
"NW_022145605.1",10,0.011510972461683,-0.00150412406008842
"NW_022145605.1",11,-0.00367765599222114,0.00499020952253665
"NW_022145605.1",12,0.0125994096530359,0.0122439900419928
"NW_022145605.1",13,-0.0106316684195507,-0.019551157899163
"NW_022145605.1",14,-0.0163023306228674,-0.00396143275564738
"NW_022145605.1",15,0.00978516006566366,-0.00731443840130941
"NW_022145605.1",16,0.00907942854027938,-0.00301739203240428
"NW_022145605.1",17,-0.0020322946085691,0.00445763900856116
"NW_022145605.1",18,-0.0120127703328364,-0.0138612525449038
"NW_022145605.1",19,0.0117339957416147,-0.00369807550508274
"NW_022145605.1",20,0.000570351780709089,-0.00289970938270325
"NW_022145605.1",21,0.00969664862966389,0.0314583990514626
"NW_022145605.1",22,0.000921888547080676,-0.011091657720368
"NW_022145605.1",23,0.00702104740506691,-0.0142366551353513
"NW_022145605.1",24,0.00151180762337824,-0.0133039692039044
"NW_022145605.1",25,-0.00295811097130013,0.00538516402911619
"NW_022145605.1",26,0.00617849307635642,0.0157176551020693
"NW_022145605.1",27,-0.00755637854134736,-0.00986261909397002
"NW_022145605.1",28,0.00685742627287202,-0.0147805284795912
"NW_022145605.1",29,0.00310427931761008,0.00188972685617669
"NW_022145605.1",30,0.00591680342974958,-0.0138525937438962
"NW_022145605.1",31,-0.0160220589866688,-0.00212828817546848
"NW_022145605.1",32,0.00792501642711117,0.00870468214516434
"NW_022145605.1",33,0.00850432961025598,0.0143797444058864
"NW_022145605.1",34,0.0104557887097229,-0.0141692850196326
"NW_022145605.1",35,0.00644235257441258,-0.00994591687583438
"NW_022145605.1",36,-0.039906492674255,-0.0132701147017863
"NW_022145605.1",37,0.00600695953805655,0.00995303832076108
"NW_022145605.1",38,0.00832882171652027,0.0416052192535002
"NW_022145605.1",39,0.000698564139868607,0.0107609480145802
"NW_022145605.1",40,0.0141026304782165,-0.00734812908182302
"NW_022145605.1",41,0.00910076723440529,-0.00299030133341149
"NW_022145605.1",42,0.0114327301164041,-0.015022558421071
"NW_022145605.1",43,0.00742245803439247,-0.0119631909526714
"NW_022145605.1",44,0.00377738274231249,-0.000996455562725249
"NW_022145605.1",45,-0.0083866752763364,0.00196448659242112
"NW_022145605.1",46,0.0113578296147106,-0.00587808632156449
"NW_022145605.1",47,0.00979575450311775,0.0137574862953683
"NW_022145605.1",48,-0.0033256089066679,0.005529050261308
"NW_022145605.1",49,0.0111433987803311,-0.00201064669711533
"NW_022145605.1",50,0.00271668593005308,-0.0044413216998151
"NW_022145606.1",1,0.0124381218897883,-0.0168632080481884
"NW_022145606.1",2,0.00468661834139557,-0.0180502100527121
"NW_022145606.1",3,0.00910738926050511,-0.0154164060757673
"NW_022145606.1",4,0.0074277045916075,0.0211128872917487
"NW_022145606.1",5,0.00535850497519782,-0.012833516624876
"NW_022145606.1",6,0.0105978170494242,-0.00869701631667318
"NW_022145606.1",7,0.00562005442989689,-0.0205406205535807
"NW_022145606.1",8,0.0128626455471387,-0.0214265511151397
"NW_022145606.1",9,0.0075335244451059,0.00156679286806635
"NW_022145606.1",10,0.00280040133950378,-0.0122030863691043
"NW_022145606.1",11,0.0103053862329965,-0.0103167694075352
"NW_022145606.1",12,-0.00952828110473824,-0.00925692636851693
"NW_022145606.1",13,-0.0148624922388793,0.0268726387902834
"NW_022145606.1",14,-0.00884064033512295,-0.012779297119376
"NW_022145606.1",15,-0.00685122233897065,0.0624619743179981
"NW_022145606.1",16,0.0136276388434281,0.00566777247595025
"NW_022145606.1",17,0.00151918985576442,-0.0130744152068204
"NW_022145606.1",18,-0.00726852189131573,-0.00426523642540923
"NW_022145606.1",19,0.00507637198468016,0.0227804255455016
"NW_022145606.1",20,0.0118248226554422,0.053606106540779
"NW_022145606.1",21,-0.00408804669948907,-0.0213668479721682
"NW_022145606.1",22,0.0058490161132466,0.0107868075983436
"NW_022145606.1",23,0.00605458767959654,0.00295985361182924
"NW_022145606.1",24,0.00715652947326088,-0.0084642285321838
"NW_022145606.1",25,-0.00205546511524621,0.0093654713468927
"NW_022145606.1",26,-0.00258142789025154,0.0340472185898951
"NW_022145607.1",1,0.00676302633878222,0.0321666846817159
"NW_022145607.1",2,0.00791727691622016,0.000408604778455365
"NW_022145607.1",3,0.0117566224527091,-0.00546080572147017
"NW_022145607.1",4,-0.0111892366955067,-0.0073248107184618
"NW_022145607.1",5,0.0108614259620889,-0.0117565963023618
"NW_022145607.1",6,-0.0057122250118143,-0.00463171567008126
"NW_022145607.1",7,0.00177045463671559,0.0285649180861972
"NW_022145607.1",8,0.00969117349581408,0.0300054921149827
"NW_022145607.1",9,0.010554961936134,-0.00913278101857632
"NW_022145607.1",10,0.00543106229316937,0.00724624210293342
"NW_022145607.1",11,0.00640400627213801,-0.00505034104185598
"NW_022145607.1",12,0.00906368859274971,-0.0208064499147882
"NW_022145607.1",13,0.00332202762690029,-0.0199077180789403
"NW_022145607.1",14,-0.0193016265536378,-0.00954593859701494
"NW_022145607.1",15,-0.0100142478786429,-0.0128129461688093
"NW_022145607.1",16,-0.0128492286982066,-0.00767101638994851
"NW_022145607.1",17,0.00838666702815601,0.00224829814939891
"NW_022145607.1",18,0.00374738271606949,0.000990961531543971
"NW_022145607.1",19,0.0103705375385338,-0.00510980441423851
"NW_022145607.1",20,0.00237643280095547,-0.00512996351371467
"NW_022145607.1",21,-0.00626455974464686,-0.00538917967894682
"NW_022145607.1",22,0.0114555723842921,-0.00584510105251293
"NW_022145607.1",23,0.00425960318993133,0.00282171449014973
"NW_022145607.1",24,0.0107859189105089,-0.0224194593131589
"NW_022145607.1",25,0.00976478656334752,-0.00399846652443122
"NW_022145607.1",26,0.0131521316902509,-0.0122960638971619
"NW_022145607.1",27,0.00674607061126378,-0.00459393850529685
"NW_022145607.1",28,0.00592564880205136,-0.00564194075715057
"NW_022145607.1",29,-0.0391188266950445,-0.00780770420536353
"NW_022145607.1",30,0.00471293653080992,-0.00902625073687
"NW_022145607.1",31,-0.0184889154139471,-0.0166647768653731
"NW_022145607.1",32,0.00911960873554369,0.00282286032895277
"NW_022145607.1",33,0.00971969796840188,-0.00250679718066743
"NW_022145607.1",34,-0.0138115811815368,0.00768317240150963
"NW_022145607.1",35,-0.00593472817223159,-0.0155553975893043
"NW_022145607.1",36,0.0119694950733449,-0.0074324116688589
"NW_022145607.1",37,0.0081496760163402,0.00154519290366758
"NW_022145607.1",38,0.00640463433942496,-0.0113802722606269
"NW_022145607.1",39,-0.0203373239614829,-0.0180860530058687
"NW_022145607.1",40,0.00260426907221392,-0.00983272726064712
"NW_022145607.1",41,-0.0133638869737837,0.0177889592180587
"NW_022145607.1",42,0.0134315004014218,-0.00718302720435202
"NW_022145607.1",43,-0.00429723970391717,-0.00517848318312104
"NW_022145607.1",44,0.0127363129281286,-0.00891091579216659
"NW_022145607.1",45,-0.0147891239922851,0.0105800221385298
"NW_022145607.1",46,0.00237835413173693,0.00245394785901247
"NW_022145609.1",1,0.00534995416893388,-0.0109442430273452
"NW_022145609.1",2,0.00492366971230547,-0.016061549966352
"NW_022145609.1",3,0.00380414800946657,-0.013800257754629
"NW_022145609.1",4,0.001325263860717,-0.00836924824532268
"NW_022145609.1",5,-0.00284133432770714,0.00929215963811863
"NW_022145609.1",6,-0.000331142340753596,0.0283198704973415
"NW_022145609.1",7,0.00912502567367079,-0.0124932809040522
"NW_022145609.1",8,0.00230194566747748,0.000191305322873652
"NW_022145609.1",9,0.00304106882594113,-0.00479403017848034
"NW_022145609.1",10,0.0075334122646613,0.00540484701604454
"NW_022145609.1",11,0.00697587866654057,-0.0162651953174246
"NW_022145609.1",12,0.00833950354525389,0.0118101494421436
"NW_022145609.1",13,-0.0212343460644992,0.0143390286377729
"NW_022145609.1",14,0.00180028403115271,0.00479982655759975
"NW_022145609.1",15,0.0150137787683534,0.0354113465318226
"NW_022145609.1",16,-0.0235646612203288,-0.0195949135308669
"NW_022145609.1",17,0.00972347482791555,-0.00501124723579731
"NW_022145609.1",18,-0.0033941286313661,0.0364330004256551
"NW_022145609.1",19,0.00158516372719968,-0.00244715956753143
"NW_022145609.1",20,-0.00443280235465706,0.036015856880925
"NW_022145609.1",21,0.00608117341063839,0.0337262262770031
"NW_022145609.1",22,0.00435240455930452,0.0472340963840395
"NW_022145609.1",23,-0.00965109919340983,0.000215371509319732
"NW_022145609.1",24,-0.00374805015353499,0.0187937419274182
"NW_022145609.1",25,0.00918169395848629,0.00379089678989902
"NW_022145609.1",26,-0.00416498771542178,-0.0120010538338518
"NW_022145609.1",27,-0.0158160061348786,-0.0129030173766266
"NW_022145609.1",28,-0.0129645876905275,-0.0110427055416911
"NW_022145609.1",29,0.0100682170129097,-0.00517879327645695
"NW_022145609.1",30,-0.000880069008265794,-0.000309389492346185
"NW_022145609.1",31,-0.0109083508604437,-0.0246516548418994
"NW_022145609.1",32,0.00449002421890723,-0.00221219560894663
"NW_022145609.1",33,0.000961983612497356,-0.0185891035608695
"NW_022145609.1",34,0.00795819355973072,-0.0112006041754374
"NW_022145609.1",35,0.00580207133434065,0.0332471953360435
"NW_022145609.1",36,0.00918682370914906,0.0308551255735456
"NW_022145609.1",37,-0.0490671485028932,0.0201596738016359
"NW_022145609.1",38,0.00892184565597008,0.00494452000811516
"NW_022145609.1",39,-0.017688015104086,0.0103541790374452
"NW_022145609.1",40,-0.000104664796441006,-0.0012190741134019
"NW_022145609.1",41,0.011184675871346,0.0134446938458812
"NW_022145609.1",42,0.0089821133525713,-0.0123508341561094
"NW_022145610.1",1,0.00822640755279521,-0.0151046722091076
"NW_022145610.1",2,-0.000398953357122802,-0.00937333285727347
"NW_022145610.1",3,0.00327252643238915,0.0139360830839321
"NW_022145610.1",4,0.0083149485950488,-0.011142225119035
"NW_022145610.1",5,0.0132318252959466,-0.00614530442834838
"NW_022145610.1",6,0.0013437156335691,-0.0123034474433071
"NW_022145610.1",7,0.00941019309021104,-0.0220498602570176
"NW_022145610.1",8,0.0138309275855516,-0.014556415592188
"NW_022145610.1",9,1.59594976197573e-06,-0.00175861404611444
"NW_022145610.1",10,0.00660562615520406,-0.00702565101461979
"NW_022145610.1",11,-0.0206422225397457,-0.00834102390894573
"NW_022145610.1",12,0.00789327027624108,0.0108280707709273
"NW_022145610.1",13,0.00788281652725366,-0.0135958617220349
"NW_022145610.1",14,-0.0136423058990138,-0.00170156401800698
"NW_022145610.1",15,-0.00745419445817438,0.0426561700735412
"NW_022145610.1",16,0.0139321403072137,-0.0075928187847346
"NW_022145610.1",17,-0.00558244043892148,0.026615357549337
"NW_022145610.1",18,0.00942199489352123,-0.00321068796624926
"NW_022145610.1",19,0.010926788116177,0.00298341673280233
"NW_022145610.1",20,0.0071558827232737,-0.0134874174000933
"NW_022145610.1",21,0.00877999368473828,-0.0154661868890977
"NW_022145610.1",22,0.00679854516505568,0.0221064206609787
"NW_022145610.1",23,-0.00544603309400107,-0.0115304467011342
"NW_022145610.1",24,0.00205480732357693,0.013711186037944
"NW_022145610.1",25,0.00870880698267537,-0.00715406091111319
"NW_022145610.1",26,0.00765315160261565,-0.0149290831966511
"NW_022145610.1",27,0.0139320099346053,0.00847539830029041
"NW_022145610.1",28,-0.0138869658215047,-0.00716815603906239
"NW_022145610.1",29,-0.0225133245698893,0.00379920975444082
"NW_022145610.1",30,-0.0140114919891427,-0.00469295031822399
"NW_022145610.1",31,-0.00373244649848968,-0.0169551345938523
"NW_022145610.1",32,0.0107892209627554,-0.0200678760107651
"NW_022145610.1",33,0.0127122078850908,-0.0159274351335842
"NW_022145610.1",34,0.00901402618820694,-0.00362599598337054
"NW_022145610.1",35,0.00822382565899372,-0.00953243736834315
"NW_022145610.1",36,0.00766148715544357,0.00782640705147817
"NW_022145610.1",37,0.0118788503037777,-0.00728485075045577
"NW_022145610.1",38,0.0122463764299938,0.0243983898551311
"NW_022145610.1",39,0.0116028242521763,-0.0154990804749266
"NW_022145610.1",40,0.00741838515826654,-0.00962782836489996
"NW_022145611.1",1,-0.00294975290615964,-0.0135587507075323
"NW_022145611.1",2,0.00338044263475914,-0.0170157403545573
"NW_022145611.1",3,-0.0284814118842041,-0.0191302992432895
"NW_022145611.1",4,0.0103186129291264,-0.00736960491605973
"NW_022145611.1",5,0.0124098066626818,-0.00232763381092185
"NW_022145611.1",6,0.0104339536262469,-0.0183004643971938
"NW_022145611.1",7,0.000966861161766269,-0.0017924832188964
"NW_022145611.1",8,0.0129937413204471,0.0202240305893382
"NW_022145611.1",9,0.00664441390105879,0.00125164765722515
"NW_022145611.1",10,0.00365121965644081,-0.0055900144178364
"NW_022145611.1",11,0.0103515987863516,0.00161373192612264
"NW_022145611.1",12,0.00590236854641664,-0.0146757419478317
"NW_022145611.1",13,0.00629482948944837,0.00845599513893864
"NW_022145611.1",14,-0.0222855156285959,-0.00384660325150374
"NW_022145611.1",15,-0.00557710851202771,0.0136854525532171
"NW_022145611.1",16,0.00207250366335073,0.0104789570388541
"NW_022145611.1",17,0.00503846145316732,-0.00227480498108012
"NW_022145611.1",18,0.00240804419413106,0.00205835666898663
"NW_022145611.1",19,-0.0186781448040653,-0.00561014527384227
"NW_022145611.1",20,0.0128254263853242,0.00454516447198669
"NW_022145611.1",21,0.0080734994756776,-0.00371925572598581
"NW_022145611.1",22,0.0101798916499269,0.0109707056446029
"NW_022145611.1",23,-0.0214784433780935,-0.000735845105823261
"NW_022145611.1",24,0.00839149292051494,-0.013877851776782
"NW_022145611.1",25,0.00785978472709899,-0.0132157623530119
"NW_022145611.1",26,0.00430867483577231,-0.0182232005400276
"NW_022145611.1",27,0.00731608956396543,-0.0110569989787046
"NW_022145611.1",28,0.0110286172964659,0.0273098493021182
"NW_022145611.1",29,0.00730392451406946,-0.0195929702416972
"NW_022145611.1",30,-0.00324677494388472,-0.0156487981912197
"NW_022145611.1",31,0.00932005095040358,-0.0102785705751493
"NW_022145611.1",32,0.011982334080293,0.00105501385633351
"NW_022145611.1",33,0.00723218797127803,-0.0187241744852739
"NW_022145611.1",34,-0.00483316425708705,0.0121909930897571
"NW_022145611.1",35,0.00904847964191568,0.00300968264683911
"NW_022145611.1",36,0.00326412112767537,0.0185344120063173
"NW_022145611.1",37,0.0104125654696304,0.00762720143115516
"NW_022145611.1",38,0.00786995816970329,-0.0120287962417307
"NW_022145611.1",39,0.0116902232913994,0.0268302525831863
"NW_022145611.1",40,-0.0279133567661616,-0.00980164907318998
"NW_022145611.1",41,0.00621394933812566,-0.0145509304488017
"NW_022145611.1",42,0.00647774157379372,-0.00745012525188265
"NW_022145611.1",43,0.00562409039564734,0.00320702330939584
"NW_022145611.1",44,0.0110204820299043,-0.00342816990177064
"NW_022145611.1",45,-0.0139598668340369,-0.0130928847108266
"NW_022145611.1",46,0.00713985221701001,-0.011218880416327
"NW_022145611.1",47,-0.00611370627741644,-0.00739348887471915
"NW_022145611.1",48,0.0059570506160794,-0.0201034639496262
"NW_022145611.1",49,0.011384076335625,0.0147189010805556
"NW_022145611.1",50,-0.00730215392562204,0.0161051995258426
"NW_022145611.1",51,-0.00573794538956666,0.00587793205674694
"NW_022145611.1",52,0.00982439240714069,-0.00536362233749823
"NW_022145611.1",53,-0.00211941690948187,-0.0118334273087551
"NW_022145611.1",54,0.00625402665939118,-0.0211413476203857
"NW_022145611.1",55,-0.0168327781298985,-0.00812298607220739
"NW_022145611.1",56,-0.00197734289527657,-0.0181010081085159
"NW_022145611.1",57,0.00235700663258527,0.00573007225995606
"NW_022145611.1",58,0.00999603751013553,-0.0200389854436224
"NW_022145611.1",59,-0.00665531933319854,-0.0102552125343293
"NW_022145611.1",60,0.00909142175823794,-0.0162419035092241
"NW_022145611.1",61,0.00544432669506609,0.0022963822424376
"NW_022145611.1",62,-0.00268968882219029,-0.00528550246783442
"NW_022145611.1",63,-0.00161992498747002,-0.0034150858592282
"NW_022145611.1",64,-0.0111833515448035,0.0104484346538657
"NW_022145611.1",65,0.0127934015202538,-0.0142850859203811
"NW_022145611.1",66,0.000587202336938127,0.000185048849588481
"NW_022145611.1",67,-0.0135132479108985,8.15555746090364e-05
"NW_022145611.1",68,0.00862793007333375,-0.000143909171933557
"NW_022145611.1",69,0.0115875204801424,-0.0111167952026173
"NW_022145611.1",70,-0.00599033681717668,-0.00103086547016312
"NW_022145611.1",71,0.00513423129525172,0.0164067884229873
"NW_022145611.1",72,-0.00622513589060076,-0.00278178839666324
"NW_022145611.1",73,-0.00476338156354042,-0.00976523927038563
"NW_022145611.1",74,-0.0020204951781457,0.00735802447173538
"NW_022145611.1",75,0.0133151345423085,-0.0151394886585835
"NW_022145611.1",76,0.0131982492890999,-0.00289212766391988
"NW_022145612.1",1,-0.019587055690051,-0.00832692683774355
"NW_022145612.1",2,0.00140415639779419,0.00183094428872627
"NW_022145612.1",3,0.0103646555494047,-0.0135816906616888
"NW_022145612.1",4,0.00810213901966502,-0.0131351067280865
"NW_022145612.1",5,0.0118279313615263,0.00981941523741198
"NW_022145612.1",6,0.00575895729254233,-0.014987749948945
"NW_022145612.1",7,0.0100389599935661,0.0570495276155267
"NW_022145612.1",8,-0.00334842439204365,-0.01412344435526
"NW_022145612.1",9,0.00541588034797205,-0.0047192516836645
"NW_022145612.1",10,0.0103894580569735,-0.0148865932900714
"NW_022145612.1",11,-0.00885492716145833,0.0010567393509573
"NW_022145612.1",12,0.00873327935177255,0.00355806832142654
"NW_022145612.1",13,-0.00369242280559623,0.0176977729120937
"NW_022145612.1",14,0.0093196164137924,-0.00148325095394993
"NW_022145612.1",15,0.00798105836767309,-0.00858081618160413
"NW_022145612.1",16,0.0132417115608092,0.00194653799374517
"NW_022145612.1",17,0.00685734130217356,-0.0186551021627052
"NW_022145612.1",18,0.0087918421458182,0.00651892876232524
"NW_022145612.1",19,0.0127667275695459,-0.0128035690970469
"NW_022145612.1",20,0.00520502068529383,0.00190000257841313
"NW_022145612.1",21,-0.00489516109838522,0.00124801299194215
"NW_022145612.1",22,0.01190947126812,0.00507623440691345
"NW_022145612.1",23,-0.0132754562634805,-0.00802632345707345
"NW_022145612.1",24,0.0127124381677573,-0.0131141679370502
"NW_022145612.1",25,0.00680680401117199,0.00302636126733535
"NW_022145612.1",26,0.0122396020706314,-0.0155232452649714
"NW_022145612.1",27,-0.0227095362395056,-0.00728188010519475
"NW_022145612.1",28,0.00513117181487065,0.00024162433245025
"NW_022145612.1",29,-0.000535609193718002,-0.00721557598486131
"NW_022145612.1",30,-0.0066433022644736,-0.00662843114484038
"NW_022145612.1",31,0.0081256722247778,-0.0124365071701069
"NW_022145612.1",32,0.00464706698293258,-0.00765891243282685
"NW_022145612.1",33,0.00981642650174215,-0.00564990028673952
"NW_022145612.1",34,-0.00125496543468939,-0.0067361754849727
"NW_022145612.1",35,0.0116487007112847,-0.0108332675292586
"NW_022145612.1",36,-0.00192970649537775,-0.00594342973736725
"NW_022145612.1",37,0.00632433156699113,-0.00421192139875712
"NW_022145612.1",38,0.00754071808479882,-0.00079028445532142
"NW_022145612.1",39,0.0121397598532045,-0.00709184103858464
"NW_022145612.1",40,-0.00626916197904531,0.00518328355869774
"NW_022145612.1",41,0.00612143020599516,-0.00237660441125961
"NW_022145612.1",42,0.012087155642298,0.0213565889993499
"NW_022145612.1",43,0.0100367389088115,0.0061952045628632
"NW_022145612.1",44,0.0063693387984347,-0.0144616982620581
"NW_022145612.1",45,0.0116645309835563,-0.00842844792320714
"NW_022145612.1",46,0.0104498037058844,-0.0127871227127279
"NW_022145612.1",47,-0.00798036185796821,-0.0155797842064839
"NW_022145612.1",48,0.0113334692962493,-0.011295372031846
"NW_022145612.1",49,-0.0162391980540793,-0.0116319591549022
"NW_022145612.1",50,0.0100056913965247,-0.00156343294259288
"NW_022145612.1",51,-0.00370791493987117,0.000772123211745659
"NW_022145612.1",52,0.010039791048903,-0.0131012759377647
"NW_022145612.1",53,-0.00532272203386323,-0.00197202892702786
"NW_022145612.1",54,0.00918263310196326,0.0160710175555274
"NW_022145612.1",55,0.012682950863567,-0.000713182484380128
"NW_022145612.1",56,0.00997403388703534,-0.00546792625994414
"NW_022145612.1",57,0.0004191360256278,-0.0105871056927386
"NW_022145612.1",58,-0.00150894980023271,0.00642713141797817
"NW_022145612.1",59,0.00745431868526706,-0.0109321043583499
"NW_022145612.1",60,0.0122888541706442,-0.0149485818106293
"NW_022145612.1",61,0.00318218427438464,0.00185386620250944
"NW_022145612.1",62,-0.00458503994274654,0.0226588142839368
"NW_022145612.1",63,0.00458232384893435,0.00145929932372154
"NW_022145612.1",64,0.00655982704929471,-0.00432309186905776
"NW_022145612.1",65,0.00237399757186685,-0.0129620776242023
"NW_022145612.1",66,0.0126923161777541,-0.01371200063468
"NW_022145612.1",67,0.0127539128240585,0.00810019345739458
"NW_022145612.1",68,0.00474666132551018,-0.0038125248206148
"NW_022145612.1",69,-0.0103616800999048,-0.0130250140264144
"NW_022145612.1",70,0.00225332791391913,-0.0113347043899672
"NW_022145612.1",71,-0.00151039929893287,-0.0139179568392744
"NW_022145612.1",72,0.00499777392880064,-0.0129711237207174
"NW_022145612.1",73,-0.00131027680654522,-0.0202306245427503
"NW_022145612.1",74,0.00988098259940274,-0.00512681988845753
"NW_022145612.1",75,0.0148605583803354,-0.00886363124546091
"NW_022145612.1",76,0.00465362941219567,-0.00627792833092106
"NW_022145612.1",77,0.00799535260331402,-0.011737000872194
"NW_022145612.1",78,0.00753348949447195,-0.0168942369190086
"NW_022145612.1",79,0.0110917005893542,0.00883922549861333
"NW_022145612.1",80,0.00746163532043814,0.0100664830777961
"NW_022145612.1",81,0.00598678154323147,0.0280643410115881
"NW_022145612.1",82,0.00680167422815838,0.00180902398448006
"NW_022145612.1",83,0.00435042175424037,-0.00548674643333081
"NW_022145612.1",84,-0.00407213862630184,-0.00857124491550958
"NW_022145612.1",85,0.00763229692185878,0.0183861968393374
"NW_022145612.1",86,0.00584851882367638,0.0450770956823843
"NW_022145612.1",87,0.000802818793700905,-0.0187345235512506
"NW_022145612.1",88,0.00483438467541347,0.0426131005518316
"NW_022145612.1",89,-0.00535533721387139,-0.0124603229156228
"NW_022145612.1",90,0.007550972207707,-0.0188156567865233
"NW_022145612.1",91,-0.00846984168586456,-0.00314777662518023
"NW_022145612.1",92,0.000891288044153583,-0.0112392654793915
"NW_022145612.1",93,0.00885393242911481,0.00587468945849462
"NW_022145612.1",94,-0.0019879120562266,-0.00480804844406407
"NW_022145612.1",95,0.0126028060652686,0.00917343953538354
"NW_022145613.1",1,-0.00807302333486818,0.00402832609761114
"NW_022145613.1",2,-0.00076764333397881,0.0095544383523117
"NW_022145613.1",3,-0.00920498045495504,-0.0119077764503376
"NW_022145613.1",4,0.00019927986357378,-0.00923661129196828
"NW_022145613.1",5,0.00511501684929109,0.00964673789816436
"NW_022145613.1",6,0.0121036897834651,0.0493351298842169
"NW_022145613.1",7,0.00433270380376318,0.00474393660506626
"NW_022145613.1",8,-0.00733513067208096,0.00612197540082401
"NW_022145613.1",9,0.00193510153481428,0.0285348737131203
"NW_022145613.1",10,0.0091839825609464,0.00251561744470992
"NW_022145613.1",11,-0.0435567125654059,-0.0135971322839752
"NW_022145613.1",12,0.00625588531454278,-0.0132953995237149
"NW_022145613.1",13,0.00501744634723369,-0.0289244531167926
"NW_022145613.1",14,-0.00302412739713707,-0.0168583876258108
"NW_022145613.1",15,0.0119794717175696,-0.0083497811852878
"NW_022145613.1",16,0.0130231837540164,-0.00639323981843004
"NW_022145613.1",17,-0.0142046464244513,-0.00706962721605241
"NW_022145613.1",18,0.0101181160674618,-0.000488415134036737
"NW_022145613.1",19,0.00845456275285282,-0.0165384709185031
"NW_022145613.1",20,0.00121486965100823,0.0629836528496056
"NW_022145613.1",21,-0.0146856747654197,-0.0155471344276007
"NW_022145613.1",22,-0.0164056612161357,-0.00392107326265199
"NW_022145613.1",23,-0.000515510413933595,-0.000747744559577234
"NW_022145613.1",24,-0.0106663196857514,-0.00914826079197267
"NW_022145613.1",25,0.00965238670466117,-0.00272013923291688
"NW_022145613.1",26,-0.00222760606253671,-0.010693360877827
"NW_022145613.1",27,0.00625517108021558,0.00461136949179025
"NW_022145613.1",28,0.00678740447556263,-0.0115726992886047
"NW_022145613.1",29,-0.00513786785580548,-0.00929436699506438
"NW_022145613.1",30,0.00992315267659899,-0.00464361747446034
"NW_022145613.1",31,0.00626246727314306,0.00222285352225513
"NW_022145613.1",32,0.00444227173031647,-0.0112142597269831
"NW_022145613.1",33,0.00203233151888966,-0.0146810418230616
"NW_022145613.1",34,0.0142643444402772,-0.00792278966893292
"NW_022145613.1",35,0.0114927355261783,-0.0114114794726393
"NW_022145613.1",36,0.00599729853192875,-0.000562869663368426
"NW_022145613.1",37,0.00975675295228757,-0.00784141115844342
"NW_022145613.1",38,-0.000209866002623298,-0.00760387174501115
"NW_022145613.1",39,0.0140432285901466,0.00574165257674254
"NW_022145613.1",40,0.0124012958328695,-0.0107151992450863
"NW_022145613.1",41,0.00921776907177955,-0.0112066156193233
"NW_022145613.1",42,-0.0147288511311009,-0.0027181558006887
"NW_022145613.1",43,-0.0331819732029621,0.00182937194510671
"NW_022145613.1",44,-0.0164257035526143,0.0192277989605919
"NW_022145613.1",45,0.00949552058824906,-0.00579645271684892
"NW_022145613.1",46,-0.00622568301119989,0.0305569176140721
"NW_022145613.1",47,-0.0144615247287591,-0.000678083674231803
"NW_022145613.1",48,0.0119813701933065,0.0109453300801852
"NW_022145613.1",49,-0.0023040479993666,0.00457784993057635
"NW_022145613.1",50,0.00223254689888644,-0.0132134053735405
"NW_022145613.1",51,0.0145193412509824,-0.00203162378547756
"NW_022145613.1",52,-0.00476250170257587,0.00644807992018972
"NW_022145613.1",53,0.00616937505239046,-0.0130173252766439
"NW_022145613.1",54,0.00795594960643776,-0.00773307467848567
"NW_022145613.1",55,0.00273121291266929,-0.00207959891929015
"NW_022145613.1",56,-0.00336925807349786,0.00207425598029503
"NW_022145613.1",57,0.00181812402110475,-0.00824718672126565
"NW_022145613.1",58,0.000233026675134998,0.0312263003604922
"NW_022145613.1",59,0.00879094285070802,0.0099073748672761
"NW_022145613.1",60,0.0089298694360907,-0.0108387035209836
"NW_022145613.1",61,0.0133354010293379,0.00469848008572176
"NW_022145613.1",62,-0.00307312632692251,-0.0170355238916162
"NW_022145613.1",63,0.0117926047071733,0.0183937657352626
"NW_022145613.1",64,0.00941794718476084,-0.0158005563981228
"NW_022145613.1",65,0.00604466764958267,-0.012063554860295
"NW_022145613.1",66,0.00642595162405591,-0.00686575098230197
"NW_022145614.1",1,0.00769242824218338,-0.00584058416759861
"NW_022145614.1",2,-0.00152344602223051,0.0235425204028643
"NW_022145614.1",3,0.0100535453137561,-0.00734727049490192
"NW_022145614.1",4,-0.0286227349710684,-0.0121845189899726
"NW_022145614.1",5,-0.000991656339838966,0.0100823520903523
"NW_022145614.1",6,0.00846616563021063,0.00262601242189357
"NW_022145614.1",7,0.00171796991972644,-0.0173342453900884
"NW_022145614.1",8,0.00945146196692362,0.0563372705857946
"NW_022145614.1",9,0.0111044708652661,-0.0133621807166141
"NW_022145614.1",10,-0.0152882776735832,-0.0124514585837273
"NW_022145614.1",11,0.00674346334515651,-0.0145314430497932
"NW_022145614.1",12,0.00502174216819711,0.00179631768908366
"NW_022145614.1",13,0.00904649224984344,-0.0141405592191729
"NW_022145614.1",14,0.00746836592782434,-0.0108849113331192
"NW_022145614.1",15,0.00454333744735718,-0.00250767751912139
"NW_022145614.1",16,-0.0170186383060161,0.0116002952495278
"NW_022145614.1",17,-0.0156793266503863,-0.0141510312049256
"NW_022145614.1",18,-0.00318552263675601,-0.0133402674574462
"NW_022145614.1",19,0.0128753927131391,0.0113138569813599
"NW_022145614.1",20,0.00741957966312681,-0.0110885494342715
"NW_022145614.1",21,0.0101413761210088,-0.00193386979691125
"NW_022145614.1",22,-0.00934336758253089,0.00190927124917824
"NW_022145614.1",23,0.00790575383897629,0.0174039071863515
"NW_022145614.1",24,0.0111526940712249,-0.0028704120567363
"NW_022145614.1",25,0.00501090248157403,-0.0213923389251725
"NW_022145614.1",26,0.00270494002347711,0.0131558381301737
"NW_022145614.1",27,0.00573367922044042,-0.0157140062987418
"NW_022145614.1",28,0.0110182692662215,-0.00924404605156253
"NW_022145614.1",29,-0.00312218329637033,-0.00707669735894917
"NW_022145614.1",30,-0.0328336909972767,-0.0199915526079181
"NW_022145614.1",31,0.00861019637277179,-0.00770827200298148
"NW_022145614.1",32,-0.00233778287801743,-0.0149543718026662
"NW_022145614.1",33,0.0112883177124822,-0.0118276196068626
"NW_022145614.1",34,0.0117328929524838,-0.00325933110686315
"NW_022145614.1",35,0.0134121919669277,-0.00722618562325596
"NW_022145614.1",36,0.00335503090363688,0.00844569259270227
"NW_022145614.1",37,-0.000865814998477136,0.0262955955165438
"NW_022145614.1",38,0.00314621864520168,0.000652445411179498
"NW_022145614.1",39,0.00165861709663379,-0.00712475151575412
"NW_022145614.1",40,0.00826341179993726,-0.0104933704941225
"NW_022145614.1",41,0.00084808253520435,-0.00506054117300175
"NW_022145614.1",42,-0.0223452855062473,-0.0108779214046843
"NW_022145614.1",43,0.0092768943526577,-0.0146988651547808
"NW_022145614.1",44,0.000282727586211059,0.00134304785964902
"NW_022145614.1",45,0.00404267996273735,0.00633720798126971
"NW_022145614.1",46,-0.000219114305616078,0.00450119903733136
"NW_022145614.1",47,-0.00920869384868703,-0.00559628451079044
"NW_022145614.1",48,0.00630669868520432,-0.0172615949619131
"NW_022145614.1",49,-0.00580401558601681,-0.0091889049761892
"NW_022145614.1",50,0.00787401002164596,0.00749224136781153
"NW_022145614.1",51,0.0120786077771814,-0.00797411982031265
"NW_022145614.1",52,0.00135004834262391,-0.000293331637846247
"NW_022145614.1",53,0.00656509433897925,0.00102816632766132
"NW_022145614.1",54,-0.00611955575390228,-0.00660344810780431
"NW_022145614.1",55,0.0145690740287102,0.0048667174451635
"NW_022145614.1",56,0.0117892823754472,0.0627067243177235
"NW_022145614.1",57,0.000701966036446589,0.00346925062298081
"NW_022145615.1",1,0.0118608891554824,-0.00997509460849619
"NW_022145615.1",2,0.0103125832547516,0.0447224946004712
"NW_022145615.1",3,0.00557704914746757,-0.00136012020630047
"NW_022145615.1",4,0.00894527850330896,-0.0146970608492495
"NW_022145615.1",5,-0.00337845895980832,0.041311979966317
"NW_022145615.1",6,0.0124414185641694,0.0172631069713291
"NW_022145615.1",7,0.00781037079963324,-0.0184144343416418
"NW_022145615.1",8,0.0055216272196102,0.012384264776791
"NW_022145615.1",9,-0.0123645808600104,-0.0097721387663382
"NW_022145615.1",10,0.00256747052689833,0.0268320594024514
"NW_022145615.1",11,0.00433568980301458,0.00463263533139646
"NW_022145615.1",12,0.00767421563035776,-0.0133359797140994
"NW_022145615.1",13,0.00863688366886957,0.00383595586720881
"NW_022145615.1",14,0.00572871199793315,-0.00434740971911179
"NW_022145615.1",15,0.0122401866097287,-0.00932376556116508
"NW_022145615.1",16,0.0130216707009993,0.00399224545182407
"NW_022145615.1",17,0.00936132053710667,-0.00678530642032076
"NW_022145615.1",18,-0.00577034287231698,0.0154056653575803
"NW_022145615.1",19,0.00605937033567004,-0.0123587504671938
"NW_022145615.1",20,3.04093893888168e-05,-0.00838099566663027
"NW_022145615.1",21,-0.00269715770423394,0.044660005951059
"NW_022145615.1",22,0.0119122710091438,0.0122449116757851
"NW_022145615.1",23,0.00237648811488816,0.026013691432605
"NW_022145615.1",24,0.0117630560525394,-0.00401719726645248
"NW_022145615.1",25,-0.00576120484859202,0.0157978819162059
"NW_022145615.1",26,0.0096715868339132,0.0186262552994154
"NW_022145615.1",27,-0.0202560653512732,0.00356257415543305
"NW_022145615.1",28,-0.00056702093957553,-0.00472974348897857
"NW_022145615.1",29,-0.0109282917753163,0.00806864296346878
"NW_022145615.1",30,0.00402450730474661,0.00182785531259151
"NW_022145615.1",31,-0.00529780644704039,-0.0131261234807694
"NW_022145615.1",32,0.00701551269115413,0.0241624529615949
"NW_022145615.1",33,0.0134045542443167,0.0169563657125228
"NW_022145615.1",34,0.0131900063077329,0.00338731654280482
"NW_022145615.1",35,0.0133961074881749,0.0134786525475825
"NW_022145615.1",36,0.0104727435996599,-0.00565906097926886
"NW_022145615.1",37,0.00446279479190515,-0.0119332151044233
"NW_022145615.1",38,0.0102488699503063,-0.00871929897638307
"NW_022145615.1",39,0.00987762762959466,-0.00959232442537821
"NW_022145615.1",40,0.00521990588416141,-0.00165734190899132
"NW_022145615.1",41,0.0125566685020613,-0.00152137493212359
"NW_022145615.1",42,0.00504663049629413,-0.0099494543804234
"NW_022145615.1",43,-0.000223721879818159,0.00797409925258688
"NW_022145615.1",44,0.00794765841075819,-0.0129213569307078
"NW_022145615.1",45,0.00319720289639807,-0.0097789697096897
"NW_022145615.1",46,-0.00419780271053624,-0.00920179955315795
"NW_022145615.1",47,-0.00660101543453115,0.00261128381342572
"NW_022145615.1",48,0.00936046817720494,-0.0134321735800238
"NW_022145615.1",49,-0.0163819380835882,-0.00531909330979446
"NW_022145615.1",50,0.00921243401391767,-0.00583222879359253
"NW_022145615.1",51,0.00800680954306135,-0.00476493764610554
"NW_022145615.1",52,0.00988591038145808,-0.00554813299118515
"NW_022145615.1",53,0.00127559435603779,-0.016154149648033
"NW_022145615.1",54,0.00454657695180791,0.00729111281967705
"NW_022145615.1",55,-0.000352842956781373,-0.0110429874042063
"NW_022145615.1",56,-0.00213569749525415,-0.0108347892736098
"NW_022145615.1",57,0.00844519109888829,-0.0169256532549166
"NW_022145615.1",58,0.0117105912414703,-0.00853796685681829
"NW_022145615.1",59,-0.00844262703230371,-0.00491356929936056
"NW_022145615.1",60,0.0105584869463419,0.00960359514907708
